fetch_time_utc,latest_market_date,previous_regime,top_regime,prob_R0,prob_R1,prob_R2,prob_R3,us10y_level,us30y_level,us10y_20d_change_bp,us30y_20d_change_bp,dxy_20d_return,spy_20d_return,qqq_20d_return,iwm_spy_20d_relative,eem_spy_20d_relative,tlt_20d_return,hyg_20d_return,hy_oas_20d_change_bp,ig_oas_20d_change_bp
2026-05-17T11:11:19.588800+00:00,2026-05-15,,R1,0.0655792864230615,0.7228920411580229,0.0655792864230615,0.1459493859958539,,,,,1.1926587024911672,4.087921770763803,9.259462025191434,-3.4279727779888525,-1.8409068133620643,-3.5615822484453608,-0.9592468666833942,,
2026-05-17T12:03:43.863364+00:00,2026-05-15,R1,R1,0.1859213531939104,0.637984153622282,0.0828709285061726,0.0932235646776349,4.47,5.02,14.999999999999948,8.999999999999986,1.1926587024911672,4.087921770763803,9.259462025191434,-3.4279727779888525,-1.8409068133620643,-3.5615822484453608,-0.9592468666833942,-10.000000000000009,-5.000000000000004
2026-05-19T11:41:34.658670+00:00,2026-05-19,R1,R1,0.1859213531939104,0.637984153622282,0.0828709285061726,0.0932235646776349,4.59,5.12,33.00000000000001,24.00000000000002,0.8373107071388608,4.223114198580258,9.135890917124057,-4.720682200182336,-1.3899377077901676,-3.654739717066768,-0.7733998202675174,-3.000000000000025,-5.000000000000004
2026-05-20T10:37:50.103259+00:00,2026-05-20,R1,R1,0.1387844714124276,0.7158177739671615,0.0733541562053655,0.0720435984150453,4.61,5.14,35.00000000000006,25.99999999999998,0.8094169591564615,4.211163881835156,8.877440238680578,-4.761238455405071,-0.9822447874890284,-3.746608737941459,-0.7517836276981105,-4.000000000000004,-6.000000000000005
2026-05-21T11:53:02.158419+00:00,2026-05-21,R1,R1,0.1859213531939104,0.637984153622282,0.0828709285061726,0.0932235646776349,4.67,5.18,37.000000000000014,29.000000000000004,0.4554624841524024,4.223784409564835,8.85958699459497,-2.997661725770895,-0.9419952311108482,-2.90539973270022,-0.2751923416786539,0.9999999999999788,-4.000000000000004
2026-05-22T10:37:21.114924+00:00,2026-05-22,R1,R1,0.2551655055156321,0.5236464448214188,0.0968510817514198,0.1243369679115292,4.57,5.11,27.00000000000005,21.0,0.8090519267376806,4.837314970089812,9.68500023189649,-2.307552521399648,1.0648508602801643,-2.332766440410861,-0.0638589530166267,-4.000000000000004,-4.000000000000004
2026-05-23T07:57:21.904150+00:00,2026-05-22,R1,R1,0.3326696411284611,0.3956696411284611,0.1124988968618355,0.1591618208812423,4.57,5.1,23.000000000000043,17.99999999999997,0.8222490519019576,4.440150726759828,8.082781940992966,-1.3785199992809805,-1.0827683630971086,-1.980520053976531,-0.187960610225879,-8.000000000000007,-5.000000000000004
2026-05-27T12:02:47.334070+00:00,2026-05-27,R1,R1,0.3326696411284611,0.3956696411284611,0.1124988968618355,0.1591618208812423,4.56,5.07,25.0,16.000000000000014,0.5252461237810868,4.952674859364481,9.943852396050112,-0.1284003372793662,2.526901164963258,-1.0034270897179676,0.1119684605975113,-9.999999999999964,-7.000000000000006
2026-05-28T12:48:05.102672+00:00,2026-05-28,R1,R0,0.5224248715218222,0.2383098171495287,0.1024554941791204,0.1368098171495287,4.5,5.03,15.000000000000036,8.999999999999986,0.2790143365056563,5.4475992915808735,10.934533609435704,0.5616706273750216,3.1251861780020587,-0.8741701421397519,0.1864210890204276,-12.99999999999999,-7.000000000000006
2026-05-29T11:56:56.948696+00:00,2026-05-29,R0,R0,0.6274248715218221,0.1753098171495287,0.0604554941791203,0.1368098171495287,4.48,5.01,12.00000000000001,6.99999999999994,0.9818489177663592,6.04569513798785,11.190042995017224,1.286711945078678,3.397600624217456,0.4161088050049111,0.6494608420269055,-10.999999999999988,-7.000000000000006
2026-05-30T08:41:45.400701+00:00,2026-05-29,R0,R0,0.6274248715218221,0.1753098171495287,0.0604554941791203,0.1368098171495287,4.45,4.98,3.000000000000025,0.0,0.8462498119488071,5.262573224822242,10.568485990999111,-0.7800782072447499,1.9416722428030608,0.5333823684742223,0.4364615623003498,-10.999999999999988,-8.000000000000007
2026-06-02T12:56:10.683567+00:00,2026-06-02,R0,R0,0.6274248715218221,0.1753098171495287,0.0604554941791203,0.1368098171495287,4.45,4.99,4.999999999999982,0.9999999999999788,0.6184636459006354,5.257746802144125,10.174288116347308,-1.784525572758211,4.020289736863526,0.229155816740123,0.235675945527003,-3.999999999999959,-6.000000000000005
2026-06-03T16:10:12.955637+00:00,2026-06-03,R0,R0,0.4376696411284611,0.3326696411284611,0.0704988968618355,0.1591618208812423,,,,,0.9981661718948764,4.335632042777315,9.082911857248588,-2.373212211362752,2.430415845787804,0.0701656235066572,0.2037627210172088,-4.000000000000004,-4.000000000000004
2026-06-04T11:30:30.680431+00:00,2026-06-04,R0,R1,0.2803098171495287,0.5224248715218222,0.0604554941791203,0.1368098171495287,,,,,1.2222053838993665,4.20989677395851,9.18414312677738,-2.401425683467018,2.7014129165738865,0.2523129282806291,0.2100475478332919,-4.000000000000004,-4.000000000000004
2026-06-05T11:48:27.985669+00:00,2026-06-05,R1,R0,0.3969421099947566,0.2895413027381913,0.1254752845288605,0.1880413027381913,,,,,0.9770983048067672,3.1696727067485497,6.444653342568829,-1.353068036452254,-0.7841331285707742,-0.2831078563787059,0.0980941382294986,-4.000000000000004,-5.000000000000004
2026-06-06T09:14:37.562231+00:00,2026-06-05,R0,R1,0.2873671008973051,0.5573798267527149,0.06362653617499,0.09162653617499,,,,,1.8524169921875,0.8160379676406482,1.4562401188066287,-1.0321563861325769,-3.8194921048831376,-0.2982293587572515,-0.0293160178381213,-6.999999999999984,-5.000000000000004
2026-06-09T10:51:54.308531+00:00,2026-06-09,R1,R1,0.182367100897305,0.6203798267527149,0.10562653617499,0.09162653617499,,,,,1.8633825839794227,0.216910549677185,0.680515021636019,-0.2380345505693992,-3.4403464677064566,-1.3094305605396706,-0.2406365558390577,-3.000000000000025,-4.000000000000004
2026-06-10T12:38:53.745575+00:00,2026-06-10,R1,R1,0.182367100897305,0.6203798267527149,0.10562653617499,0.09162653617499,,,,,2.0389973134311568,0.216910549677185,0.680515021636019,-0.2380345505693992,-3.4403464677064566,-1.3094305605396706,-0.2406365558390577,-6.999999999999984,-2.0000000000000018
2026-06-11T13:06:47.552029+00:00,2026-06-11,R1,R1,0.1692298315050484,0.5553105054848545,0.1447298315050484,0.1307298315050484,,,,,1.599306351091112,-1.7272210201448757,-1.9158967224800705,1.543188915614635,-0.0351552151835798,0.2633973326277461,0.0084970275285423,-4.000000000000004,-1.0000000000000009
2026-06-12T12:07:26.807393+00:00,2026-06-12,R1,R1,0.311741706366474,0.3747417063664741,0.1637582936335259,0.1497582936335259,,,,,0.898058771184429,-0.6129498198775951,0.3371959354759868,3.3511214923934607,1.0444345981512115,1.7903131855809162,0.5496120529453918,4.000000000000004,-1.0000000000000009
2026-06-13T10:13:50.489563+00:00,2026-06-12,R1,R1,0.311741706366474,0.3747417063664741,0.1637582936335259,0.1497582936335259,,,,,0.8798571710639358,-0.8580914841283094,0.2153473756849377,3.8463142421619634,1.6001514728212318,1.3982109718341906,0.6251729842449594,-2.0000000000000018,0.0
2026-06-16T18:13:34.926101+00:00,2026-06-16,R1,R0,0.5573798267527149,0.245367100897305,0.10562653617499,0.09162653617499,4.48,4.97,1.0000000000000675,-4.999999999999982,0.5506700638812534,1.8317156724460213,4.031849857736236,4.845986815080772,4.853543060320442,3.703343839500839,1.162029171145318,-19.99999999999997,-3.0000000000000027
2026-06-17T02:01:24.356396+00:00,2026-06-16,R0,R0,0.6623798267527149,0.182367100897305,0.06362653617499,0.09162653617499,4.47,4.97,-12.00000000000001,-15.000000000000036,0.5567368855666333,1.5812620713099523,3.3971752001575872,4.508014793115822,4.616633655576008,3.553162322808689,1.1310719350335674,-19.99999999999997,-3.0000000000000027
2026-06-18T02:01:20.833835+00:00,2026-06-17,R0,R0,0.6274248715218221,0.1753098171495287,0.0604554941791203,0.1368098171495287,4.43,4.93,-18.00000000000006,-21.0,0.9798585527200476,0.9853817748168404,2.990603337362141,5.450281814644953,6.260730577240525,4.396010541228845,0.9932258661818684,-8.999999999999986,0.0
2026-06-19T02:17:07.425077+00:00,2026-06-18,R0,R0,0.4629059751685255,0.3579059751685255,0.0755940248314745,0.1035940248314745,4.49,4.93,-17.99999999999997,-25.0,1.7657148514004015,1.0001706370109886,3.851920320089008,4.867887624510492,7.704306970732677,3.791217327502783,0.7006749117686839,-14.999999999999991,-1.0000000000000009
2026-06-20T01:35:49.887984+00:00,2026-06-19,R0,R0,0.4629059751685255,0.3579059751685255,0.0755940248314745,0.1035940248314745,4.49,4.93,-17.99999999999997,-25.0,1.754614471170024,1.0001706370109886,3.851920320089008,4.867887624510492,7.704306970732677,3.791217327502783,0.7006749117686839,-14.999999999999991,-1.0000000000000009
2026-06-23T01:30:14.592282+00:00,2026-06-22,R0,R0,0.4629059751685255,0.3579059751685255,0.0755940248314745,0.1035940248314745,4.46,4.9,-11.000000000000032,-21.0,1.868128622404752,0.4830584335843157,3.2805701979031987,5.322140257305708,7.922408647921087,2.622440870621912,0.562196051392605,-8.000000000000007,0.0
2026-06-24T01:25:30.240976+00:00,2026-06-23,R0,R1,0.3501063673408463,0.4382594211080721,0.0918171057755407,0.1198171057755407,4.51,4.95,-6.00000000000005,-14.999999999999948,2.1143762389988607,-1.3639444131039902,-0.4328266317644047,5.1877025706653646,3.852008957922304,2.1953851640752253,0.4615654937329516,-7.000000000000028,0.0
2026-06-25T01:31:43.491983+00:00,2026-06-24,R1,R1,0.2451063673408463,0.5012594211080721,0.1338171057755408,0.1198171057755407,4.5,4.94,-5.999999999999961,-12.99999999999999,2.361604226978531,-2.0598534151166747,-2.5851894455166224,4.430008228587412,0.889605653212433,3.0830766322923475,0.0981940031171024,0.0,0.0
2026-06-26T01:36:36.154479+00:00,2026-06-25,R1,R1,0.2451063673408463,0.5012594211080721,0.1338171057755408,0.1198171057755407,4.41,4.86,-8.999999999999986,-16.999999999999993,2.290094944858967,-1.9012728533778112,-1.6838398450686465,5.087149025686843,1.7890349147791085,2.806062296359091,0.1982905858577632,3.999999999999959,2.0000000000000018
2026-06-27T01:28:29.325957+00:00,2026-06-26,R1,R1,0.2451063673408463,0.5012594211080721,0.1338171057755408,0.1198171057755407,4.4,4.86,-8.000000000000007,-14.999999999999948,2.3692190980810324,-3.1449697877736327,-3.847679676779492,6.0600792143646665,1.5843219749060555,2.290200992792357,0.0107623983593763,5.999999999999961,3.0000000000000027
2026-06-30T01:30:16.142436+00:00,2026-06-29,R1,R1,0.2451063673408463,0.5012594211080721,0.1338171057755408,0.1198171057755407,4.38,4.87,-7.000000000000028,-11.000000000000032,2.352639534377854,-1.793967475360614,-1.8195936967648985,4.979238279781651,0.5993396115544503,2.3716909320116386,0.136420268001336,8.999999999999986,3.0000000000000027
2026-07-01T01:39:55.244126+00:00,2026-06-30,R1,R1,0.2451063673408463,0.5012594211080721,0.1338171057755408,0.1198171057755407,4.38,4.86,-7.000000000000028,-12.99999999999999,2.113911478409048,-1.2980332985263576,-0.7446386853765863,5.514409751500216,-0.5775681030450341,1.1114975250662296,0.1628317745185015,7.999999999999963,3.0000000000000027
2026-07-02T01:32:43.500036+00:00,2026-07-01,R1,R1,0.182367100897305,0.6203798267527149,0.10562653617499,0.09162653617499,4.44,4.91,-2.999999999999936,-8.000000000000007,2.1890718036589707,-1.5651966833958753,-2.706264870515196,4.4356009367757965,-4.048439406978899,0.216977940471752,0.0737697290857042,4.000000000000004,2.0000000000000018
2026-07-03T01:09:53.574354+00:00,2026-07-02,R1,R1,0.182367100897305,0.6203798267527149,0.10562653617499,0.09162653617499,4.48,4.97,2.000000000000046,0.0,1.3664228142585388,-0.9998447148781842,-4.142235408405693,4.690760725468135,-4.547219531518588,0.6046349180076183,0.5013838992107056,-0.9999999999999788,2.0000000000000018
2026-07-04T01:08:10.984019+00:00,2026-07-03,R1,R1,0.182367100897305,0.6203798267527149,0.10562653617499,0.09162653617499,4.48,4.97,2.000000000000046,0.0,1.455586503255435,-0.9998447148781842,-4.142235408405693,4.690760725468135,-4.547219531518588,0.6046349180076183,0.5013838992107056,0.9999999999999788,1.0000000000000009
2026-07-07T01:16:16.605316+00:00,2026-07-06,R1,R1,0.2451063673408463,0.5012594211080721,0.1338171057755408,0.1198171057755407,4.49,4.98,0.0,-0.9999999999999788,1.4938063839173177,-0.5117646378935969,-2.2948173368268265,3.1146878038280645,-1.1941495872737184,0.3106287368167759,0.5139029055331257,-1.9999999999999567,1.0000000000000009
2026-07-08T00:59:06.746879+00:00,2026-07-07,R1,R1,0.3579059751685255,0.4209059751685254,0.1175940248314745,0.1035940248314745,4.48,4.99,1.0000000000000675,2.000000000000046,1.0502673185236011,1.6387084077548408,0.7303825228862637,3.773820967318664,0.6396609044551749,-0.2324549451433899,0.8809506118396149,-2.9999999999999805,0.0
2026-07-09T01:10:00.173411+00:00,2026-07-08,R1,R0,0.5573798267527149,0.245367100897305,0.10562653617499,0.09162653617499,4.55,5.05,0.0,4.000000000000004,0.9345302649416798,1.0958044107998388,-0.537399613557632,2.447877189746439,0.1578141855574477,0.060938419076062,0.6151371239759396,-10.999999999999988,1.0000000000000009
2026-07-10T01:08:25.582280+00:00,2026-07-09,R0,R0,0.6623798267527149,0.182367100897305,0.06362653617499,0.09162653617499,4.56,5.06,0.0,2.999999999999936,0.903813276780152,2.2517606564892656,2.295026154237667,2.283668144985662,-0.2658821022275992,-0.3735405339878928,0.6275920433192805,-9.999999999999964,1.0000000000000009
2026-07-11T00:56:42.075928+00:00,2026-07-10,R0,R0,0.4376696411284611,0.3326696411284611,0.0704988968618355,0.1591618208812423,4.54,5.05,0.9999999999999788,4.000000000000004,1.01550717422636,4.337420193364694,4.701997482414466,0.8545331590634975,-0.3353645179118736,-0.115486077662108,0.7669583686857218,-7.999999999999963,1.0000000000000009
2026-07-14T00:52:33.215100+00:00,2026-07-13,R0,R1,0.37159622161013,0.4860859713317014,0.0571589035290844,0.0851589035290844,4.56,5.06,0.9999999999999788,2.999999999999936,1.413982129828062,1.8081765701204235,-0.6411508268807542,-0.5107205424773165,-5.755942496153732,-1.9770572087784768,-0.0642789060198101,-2.0000000000000018,3.0000000000000027
2026-07-15T00:13:19.618205+00:00,2026-07-14,R1,R1,0.2665962216101299,0.5490859713317013,0.0991589035290844,0.0851589035290844,4.62,5.1,16.999999999999993,14.999999999999948,1.133831282307329,1.620074372995517,-0.1163190492942223,-0.8484862581173092,-4.372967468036948,-1.6083312099499647,0.1368036144228313,2.9999999999999805,5.000000000000004
2026-07-16T00:55:50.839984+00:00,2026-07-15,R1,R0,0.4860859713317014,0.32959622161013,0.0991589035290844,0.0851589035290844,4.58,5.08,9.999999999999964,11.000000000000032,0.8521520092768853,0.2549662936359498,-3.423556305828157,0.1285438574148756,-6.247798272382588,-1.3636052191193793,0.174870326772214,1.000000000000023,4.000000000000004
2026-07-17T01:00:50.906370+00:00,2026-07-16,R0,R1,0.37159622161013,0.4860859713317014,0.0571589035290844,0.0851589035290844,4.55,5.08,8.000000000000007,11.000000000000032,1.1914777962316991,0.3097256866803954,-3.1710439745032626,0.8920032666851041,-6.792821531394655,-1.936408835979764,0.1748442960592067,8.000000000000007,5.000000000000004
2026-07-18T00:55:11.405973+00:00,2026-07-17,R1,R0,0.4860859713317014,0.32959622161013,0.0991589035290844,0.0851589035290844,4.57,5.09,14.000000000000057,16.000000000000014,0.6644029771790461,0.5728858950436733,-3.6561208916083374,0.8621919275164203,-8.259579055384702,-1.7350302812474516,0.362751896218394,4.999999999999982,4.000000000000004
2026-07-21T00:57:37.547425+00:00,2026-07-20,R0,R0,0.4629059751685255,0.3579059751685255,0.0755940248314745,0.1035940248314745,4.55,5.06,5.999999999999961,12.99999999999999,0.1090734873732124,-0.6227018024636433,-5.91330020844818,-0.4869429148587567,-9.59060438305792,-2.9396779282555685,0.0492016184803434,6.999999999999984,5.000000000000004
2026-07-22T00:55:17.773763+00:00,2026-07-21,R0,R0,0.5910859713317014,0.2665962216101299,0.0571589035290844,0.0851589035290844,4.6,5.11,13.999999999999968,21.0,0.1415614490654082,0.5225774892043233,-3.9271008909172456,-1.0725755343926058,-8.765805718457298,-2.463712142869723,0.0991030388754143,4.000000000000004,4.000000000000004
2026-07-23T01:00:36.758504+00:00,2026-07-22,R0,R0,0.4904688736394753,0.3854688736394752,0.0480311263605247,0.0760311263605247,4.63,5.13,12.00000000000001,17.99999999999997,-0.298788475363998,1.8852689185225868,-1.1630419034791897,-2.4033505727794724,-5.130765962742634,-2.8443440254188768,0.0233100098882887,-2.0000000000000018,4.000000000000004
2026-07-24T00:55:32.124962+00:00,2026-07-23,R0,R1,0.3832849778457323,0.5120997767372062,0.0383076227085307,0.0663076227085307,4.67,5.15,16.999999999999993,21.0,-0.159435648561601,0.673722452021086,-2.625872234492088,-2.224164349511071,-4.614245167082654,-4.466499522781975,-0.3164869839196504,-7.999999999999963,3.0000000000000027
2026-07-25T01:02:27.024756+00:00,2026-07-24,R1,R1,0.112561377981691,0.7653190121170064,0.0680598049506513,0.0540598049506513,4.71,5.17,29.999999999999982,30.99999999999996,0.0345026447890584,0.630533155356372,-4.487845025674842,-3.219938039618575,-7.443360282771416,-4.341768789542567,-0.3539243042415263,-0.9999999999999788,3.0000000000000027
2026-07-28T00:53:58.150402+00:00,2026-07-27,R1,R1,0.112561377981691,0.7653190121170064,0.0680598049506513,0.0540598049506513,4.69,5.16,29.000000000000004,29.999999999999982,0.0749249716031963,0.652327269798425,-4.782379398100223,-2.659620410372754,-7.038437056517777,-3.767244878368648,-0.3036255051949155,-4.000000000000004,3.0000000000000027
2026-07-29T00:56:26.165760+00:00,2026-07-28,R1,R1,0.1378024558636781,0.7049928433647643,0.0856023503857787,0.0716023503857787,4.65,5.12,27.00000000000005,25.0,0.0295962698463325,-0.0188953641616085,-6.710588016329655,-1.854204304919116,-7.5000126469289,-3.3148926959103875,-0.2772668309339088,1.000000000000023,5.000000000000004
2026-07-30T00:54:09.128734+00:00,2026-07-29,R1,R1,0.1378024558636781,0.7049928433647643,0.0856023503857787,0.0716023503857787,4.61,5.09,23.000000000000043,22.99999999999996,-0.2954872950490905,-2.3179823916149256,-10.139875267484657,-1.636087969555955,-8.411448355880568,-3.7769145902450063,-0.4535119790535447,8.999999999999986,5.000000000000004
2026-07-31T01:04:18.001192+00:00,2026-07-30,R1,R1,0.0987850846707049,0.7666447459878851,0.0742850846707049,0.0602850846707049,4.67,5.2,22.99999999999996,29.000000000000004,-1.248642714225412,-0.5457529595208288,-5.739343339910963,-1.702680430044834,-3.801423722810504,-3.180535194196732,-0.1507665821192882,12.99999999999999,5.000000000000004
2026-08-01T01:02:23.816934+00:00,2026-07-31,R1,R1,0.1897522962209334,0.6569589386511375,0.0836443825639645,0.0696443825639645,4.68,5.21,19.99999999999993,24.00000000000002,-1.0479865161080348,0.3021026224513834,-3.4535484415820883,-2.4460553925026884,-2.7526363897815487,-3.8124220030269496,-0.2885406224824138,8.999999999999986,5.000000000000004
2026-08-04T00:58:28.529168+00:00,2026-08-03,R1,R1,0.1398055926354908,0.7270737733150041,0.0735603170247524,0.0595603170247524,4.75,5.27,25.99999999999998,28.999999999999915,-0.8666341720775406,0.8505421898758136,-3.147394893538902,-1.7471607012530257,-5.6603690578326376,-3.815090255428033,-0.7011458228755929,8.999999999999986,5.000000000000004
2026-08-05T00:54:00.454723+00:00,2026-08-04,R1,R1,0.182367100897305,0.6203798267527149,0.10562653617499,0.09162653617499,4.7,5.23,21.99999999999997,24.00000000000002,-1.2813897839132782,3.158978002578028,2.0326153473957165,-1.2953131360490255,-2.732929959218189,-1.6515434636370396,0.2209194069009878,5.999999999999961,3.0000000000000027
2026-08-06T00:50:59.370049+00:00,2026-08-05,R1,R1,0.3579059751685255,0.4209059751685254,0.1175940248314745,0.1035940248314745,4.63,5.18,8.000000000000007,12.99999999999999,-1.3795198215514448,3.272062357719064,0.8236794854735718,-1.1288233663464098,-4.042109330964571,-1.2158046707348102,0.3088804946707491,6.000000000000005,2.0000000000000018
2026-08-07T01:51:14.636667+00:00,2026-08-06,R1,R0,0.4860859713317014,0.32959622161013,0.0991589035290844,0.0851589035290844,4.63,5.17,7.000000000000028,11.000000000000032,-0.9887072265647444,2.2415526058465085,-1.1931761604425883,-1.901756549189182,-4.877075469581726,-1.9381965705579929,0.1200866446482207,4.999999999999982,2.0000000000000018
2026-08-07T23:58:15.899349+00:00,2026-08-07,R0,R0,0.4629059751685255,0.3579059751685255,0.0755940248314745,0.1035940248314745,4.69,5.22,15.000000000000036,16.999999999999993,-1.352881972202613,2.4253258179393944,-0.3418258101705818,-0.543502949602459,-4.308737039900368,-1.6297110308109095,0.3594308545001867,0.9999999999999788,2.0000000000000018
2026-08-11T00:00:28.865458+00:00,2026-08-10,R0,R0,0.4629059751685255,0.3579059751685255,0.0755940248314745,0.1035940248314745,4.65,5.19,9.000000000000075,13.000000000000078,-1.4691933060197782,3.184864173819979,1.282772502329954,-0.9700625666662964,-2.146107322741986,-1.8809595876940977,0.4349486834788418,1.000000000000023,1.0000000000000009
2026-08-12T00:06:48.277622+00:00,2026-08-11,R0,R0,0.4629059751685255,0.3579059751685255,0.0755940248314745,0.1035940248314745,4.72,5.25,9.999999999999964,15.000000000000036,-1.1234423004944372,2.491252017477219,-0.1722950478912577,-0.29099387551903,-2.85671245673611,-1.854082580333405,0.2711058350919781,1.000000000000023,0.0
2026-08-13T00:07:01.824757+00:00,2026-08-12,R0,R0,0.6623798267527149,0.182367100897305,0.06362653617499,0.09162653617499,4.7,5.24,12.00000000000001,16.000000000000014,-0.5442756918532354,2.34231034736776,0.8303873343757928,0.0041083898914218,-0.9849832255274916,-2.135842698212864,0.2336816897471338,0.0,0.0
2026-08-14T00:07:15.911217+00:00,2026-08-13,R0,R0,0.5019421099947567,0.2265413027381913,0.0834752845288605,0.1880413027381913,4.68,5.24,12.99999999999999,16.000000000000014,-1.3437994445487322,3.617864881661448,3.701448393977546,-0.9418596852381445,-1.9250166042209529,-1.528678226204938,0.62421596561959,0.0,0.0
2026-08-14T23:47:13.433489+00:00,2026-08-14,R0,R0,0.5019421099947567,0.2265413027381913,0.0834752845288605,0.1880413027381913,4.63,5.21,5.999999999999961,12.00000000000001,-1.105705620928965,4.446454251386278,5.140003934240767,-0.6884664021645337,0.7992396130448443,-2.5431953957296694,0.5611849333626573,0.0,1.0000000000000009
2026-08-17T23:46:33.144377+00:00,2026-08-17,R0,R0,0.5019421099947567,0.2265413027381913,0.0834752845288605,0.1880413027381913,4.68,5.25,12.99999999999999,19.00000000000004,-1.3951842873904383,4.120787902819134,4.857339550783135,-0.1010827616548359,1.7948795614569413,-2.637142225266753,0.3972152214904989,-6.000000000000005,1.0000000000000009
2026-08-18T23:46:29.983571+00:00,2026-08-18,R0,R0,0.4376696411284611,0.3326696411284611,0.0704988968618355,0.1591618208812423,4.72,5.31,12.00000000000001,19.99999999999993,-1.518089650286747,2.5618728496829446,1.2045699275570645,-1.3175205413679336,-2.5618728496829446,-1.99742910513393,0.334098693433571,1.000000000000023,3.0000000000000027
2026-08-19T23:46:31.419559+00:00,2026-08-19,R0,R0,0.5019421099947567,0.2265413027381913,0.0834752845288605,0.1880413027381913,4.71,5.28,8.000000000000007,15.000000000000036,-1.9672478990578448,2.896673203727218,1.5212365315519838,-0.1974688587405459,-1.7182154204132385,-0.1025542818868463,0.5233246078889975,6.000000000000005,3.999999999999993
2026-08-20T23:50:11.123283+00:00,2026-08-20,R0,R0,0.5019421099947567,0.22654130273819137,0.08347528452886052,0.18804130273819136,4.65,5.19,-1.9999999999999574,4.0000000000000036,-2.55249618398643,3.3081339446275004,2.7414836263293108,-1.3977579783829075,-0.18119227253108328,-0.5991423455816824,0.9040161065757335,4.999999999999982,3.0000000000000027
